file	sha256	size	number	slug	also	status	original_names	sources
001_shzs_山海战神.rar	ddd6042cb80ece2f73eea4aaebb7b7d0f50db08e273b30d8d086a418c64b8976	1405650	001	shzs		playable	山海战神.rar	archives/ | mudlib.rar
002_xzyx_星战英雄.rar	2c681698c8752df9d6c1e9ef05903e5e81671b7eba8092d8f76a78a3c732012c	1374436	002	xzyx		playable	星战英雄 (1).rar | 星战英雄 (2).rar | 星战英雄.rar	archives/ | mudlib.rar
003_xyxy2_20150716未知lib.zip	fdc7a5da27e51a76638711069217b47e4763b295d6c768964f534774e6cbc9a4	9500442	003	xyxy2		playable	20150716未知lib.zip	archives/
003-1_xiaoyuxiyou_小雨西游.zip	6bebdee6cccdd7af1103b1998d2f0ea4ca3db40086c3b32ad54635970002e581	34729514	003-1	xiaoyuxiyou		playable	小雨西游.zip	archives/
004_bxsj_bxsj.rar	2ecff56cf5826b6f12668ddcd00ae68a8260dd36c8bbaacd630719c709f0e704	15455938	004	bxsj		playable	bxsj.rar	archives/
004-1_bxsj1_bxsj1.rar	3a2a1a47c1d29b4a6979f576d6b56a38195496d8eaaf432ba869e5cb18f26b37	23837567	004-1	bxsj1		playable	bxsj1.rar	archives/
004-2_jinyongwenzi_金庸文字版.exe	c231098a72931afcf35c0b5111ca661fed9199d6a07e2653df52b1c4be8e0b3d	5310958	004-2	jinyongwenzi		playable	金庸文字版 (1).exe | 金庸文字版.exe	archives/
005_chidi_chidi.rar	4625fdcf9edac5e72c55adb78e0f9f4b4dae39f3cc1143e02c33f590f1a61734	17022976	005	chidi		playable	chidi.rar	archives/
006_ds386_ds3.8.6.zip	ae00c085ce7970da55c51ae99fb060a27d12bbd71d635f443d43effe272d9f1f	6514081	006	ds386		playable	ds3.8.6.zip	archives/
006-1_dsI_dsI.zip	3f7f3d86ba391ffb4c28e1610ecdc8eb5cfee92df35db0e523ecd81898606140	2281382	006-1	dsI		playable	dsI.zip	web.archive.org
006-2_dsII_dsII.zip	aaf56144a426c28327c41a17b40c39ca42fef4c5a720f5563478a519a07cb4ab	4015339	006-2	dsII		playable	dsII.zip	web.archive.org
006-3_dsIII_ds3.0.zip	5fb50f8587b0a38d4f57961521b9985418856b4dbaed242eb9bec59a5fc42c29	6143850	006-3	dsIII		playable	ds3.0.zip	web.archive.org
006-4_deadsouls_fluffos_fluffos-dead-souls.bundle	16903da918078ba52bfd25d12344c9b943863c8eb21d8cc5d5a81f22d0169c48	6643969	006-4	deadsouls_fluffos		playable	fluffos-dead-souls.bundle	github.com
007_dtsl_DTSL.7z	1e1279ea6b7785b9effb9bf8ffeca1f2680f9086fb0ad30d5db0ae4dfcb1339a	2657152	007	dtsl		playable	DTSL.7z	archives/
007_dtsl_dtsl.rar	5989a6f628dc723089c03ada82feb66822cc847009866910dffd8470d8bdda7c	3372287	007	dtsl		playable	dtsl.rar | 大唐双龙传.rar	archives/ | mudlib.rar
007-1_dtslmud_LLMUD(大唐双龙)v_0.11版.rar	8a73c4e64b73ecc479c5880fd673acf11936a9ffa54d0067b6f96093b97565fa	13861597	007-1	dtslmud		playable	LLMUD(大唐双龙)v_0.11版.rar	archives/ | mudlib.rar
007-2_dtsl2_大唐双龙.rar	48b4b9c86172232c84e78a8e806bc1714dcb3cd81d553fb61e26f996f26ed7b6	7762683	007-2	dtsl2		playable	大唐双龙.rar	archives/ | mudlib.rar
008_es1_win_es1_win.rar	519edb12a1e08985c715eb9b645e1fe27c77474d2c63ad6a09bca84b3ab68e7d	10363856	008	es1_win		playable	es1_win.rar	archives/
008-1_esI_esI.rar	348f7aeb4bac339fa55a41b22db33d339981a7b67cc501ec4ea3eb64df082099	10220465	008-1	esI		playable	esI.rar	archives/
009_fengyun434_fengyun4-3-4.rar	245567e810655f47c0e0ba3d1be9e5b9d5bc4061b0fcca01542f965c930380eb	5972537	009	fengyun434		playable	fengyun4-3-4.rar	archives/
009-1_fy2005_fy2005.rar	c75e42d636481e6e24bbbbf58a082501b64c2d5f329256c2eebd825cd0f43b53	47682039	009-1	fy2005		playable	fy2005.rar	archives/
010_xiyouji_西游记.rar	4bbc7ff092743bb669ef1b45ccf768b3dc63604929958f5d79e785f6501897ac	3166802	010	xiyouji		playable	西游记.rar	archives/ | mudlib.rar
010-1_xyj2000f_fluffos(西游记2000).tar.gz	10c82ed7d87839d3aa1c53f7170c87c71a262af0ced6e109632776e26fe5b06f	59397916	010-1	xyj2000f		playable	fluffos(西游记2000).tar.gz	archives/
010-2_xiyouji2003_西游记2003.rar	0f236be14ecd97b85da109851a820bb1981ceb03735058597525bfddd38bebae	2908740	010-2	xiyouji2003		playable	西游记2003.rar	archives/ | mudlib.rar
010-3_xiyouji450_西游记450.rar	63c56de51a2a22baa3fde4509e2a1aa679ee557a127d77dc75aba685a93b2f57	3167412	010-3	xiyouji450		playable	西游记450.rar	archives/ | mudlib.rar
010-4_xiyouji2006_西游记2006之 最终幻想.rar	dec0d0642ce4fd70b05f7eebec2dcfabf0efefec1e5e094afb803f37b743a44d	11917809	010-4	xiyouji2006		playable	西游记2006之 最终幻想.rar | 西游记2006之+最终幻想.rar	archives/ | mudlib.rar
011_fy2_fy2.rar	549f754094b1b6a6b8fc9d88cbcde68b1ec0b92a24443e2502689a1c7e6abbfd	2753738	011	fy2		playable	fy2.rar	archives/
011-1_fy2qh_风云II (清华仿写版）.ZIP	3938cd13fe2640abde0c0e8b9995cca8e24f8ec2336eaefc3ecd19f5c61c605c	3278971	011-1	fy2qh		playable	风云II (清华仿写版） (1).ZIP | 风云II (清华仿写版）.ZIP	archives/ | mudlib.rar
012_mhxy_mhxy.rar	8a7d50d95395c9864e8258e70779f682662cddfeb417152f5b8d3bc239d76d9d	18750679	012	mhxy		playable	mhxy.rar	archives/
012-1_mhxyqd_梦幻西游2002版.rar	04db65f7e2f2c802f5b7ef7aa2350c62876745b8599d66eedd6ea4959a428bcf	16569280	012-1	mhxyqd		playable	梦幻西游.rar | 梦幻西游2002版.rar	archives/ | mudlib.rar
013_xiakexing2017_MUD侠客行2017完整版.zip	5732e87d4f8824e5ffafcfdc9c3f19fe5fbf9925df3806ae86e507f752f497fb	4740957	013	xiakexing2017		playable	MUD侠客行2017完整版.zip	archives/
014_nitan170911_nitan170911.7z	d47d85c7666dfdc2149e39bc86184a9b1c96e9b771675a96db879c6f24f76a32	29862298	014	nitan170911		playable	nitan170911.7z	archives/ | mudlib.rar
014-1_hhsj_洪荒世界.rar	cb475228b6da5ed969f0321b9a463fe36b6eb587190536d1440c3dedea5e1bb8	57192500	014-1	hhsj		playable	泥潭.rar | 洪荒世界.rar	mudlib.rar
014-2_xfbhh_修复版洪荒.rar	5020a865fe376042584a502f442016d57225ab94864f5275d78043f9cc1eb53d	33132257	014-2	xfbhh		playable	修复版洪荒.rar	mudlib.rar
015_nitan6_nitan6.zip	21e34d1f32276159612c27430dcc18104513fb3c859febf30c9a75c0d372c8af	41387635	015	nitan6		playable	nitan6.zip	archives/
016_rzrmud_rzrmud.20130220.tar.gz	7d7a4d3ef4eeb0b146ef99c2af60751ae23c3243e853451a9a139d9b5b402e01	15840777	016	rzrmud		playable	(人造人大唐群 871779)rzrmud.20130220.tar.gz | rzrmud.20130220.tar.gz	archives/ | mudlib.rar
017_xkx2001_xkx2001测试用老lib.zip	65277c7fec4d30542283479941eca3045a5b1d4794f32386e3ab01106cf6f5c0	12426941	017	xkx2001		playable	xkx2001测试用老lib.zip	archives/
017-1_bmxkx2001_北美侠客行2001.rar	99ff82acea8980343518c1482b40ada6a5dab6b01195f45efaf7139ca52abe8e	4591194	017-1	bmxkx2001		playable	北美侠客行2001.rar	archives/ | mudlib.rar
018_xlqy_new2007_xlqy_new2007.rar	aa930b981b6318fef2c570e802304b3a2a39b14dbbc884e2db808b82c1df0e78	15433289	018	xlqy_new2007		playable	xlqy_new2007.rar	archives/ | mudlib.rar
018-1_xlqy_early_xlqy-解压看readme.rar	fc610f3aadf62ed95170ae7089e402cd0977d75f9fef722dc6a7717f6a4f6480	17027858	018-1	xlqy_early		playable	xlqy-解压看readme.rar	archives/
018-2_xlqyzdb_仙侣情缘浙大版.rar	8b287e09a6987a969b928f64cffd6412989c9141ccc9a9e3201a371caf4a4fa4	6844616	018-2	xlqyzdb		playable	仙侣情缘浙大版.rar | 仙履奇缘浙大版.rar	archives/ | mudlib.rar
019_xo_xo.zip	a73b83302888c2e5097bbe856af85b626402194fcdbdb45beca54c6ba70a427a	1808696	019	xo		playable	xo.zip	archives/
019-1_xo_final_xo最终版1.2.rar	e004e5179ff17750e1ba1ea6aca796c28ef307dafb0028c8d50c10c87ecd6eab	20338105	019-1	xo_final		playable	xo最终版1.2.rar	archives/
019-2_xajh2_笑傲江湖II.rar	3b407ce3634d02ec2f49803e169db5028f65d7d9723788eb76f92b2d980160ae	5224695	019-2	xajh2		playable	笑傲江湖II.rar	archives/ | mudlib.rar
019-3_xajhxo_笑傲江湖XO .rar	58fca94f7627a3d510d319f0905c9cc3ae47dd3df908c50b82be77c7cbeab598	4400096	019-3	xajhxo		playable	笑傲江湖XO .rar	archives/ | mudlib.rar
019-4_qhxajh_清华笑傲江湖）.tgz	14e4a118b4ab1d8fd1f5d35637b79635f68b00562cb4726570f1cdf2db4a577a	963729	019-4	qhxajh		playable	清华笑傲江湖）.tgz	mudlib.rar
020_zzfy_zzfy (full).rar	2e70e57c1188a957d01aea33b498eb2265a62a04e89bc4164f3f4dcd97e7ec10	8939135	020	zzfy		playable	zzfy (full).rar	archives/
020-1_fy3xd_风云III修订版.rar	af80899210e6df98e1d8307e14cd814b0be6fa10c7324c920eb40dd1a97cb609	2945078	020-1	fy3xd		playable	风云III修订版  (1).rar | 风云III修订版 .rar | 风云III修订版.rar	archives/ | mudlib.rar
020-2_fy3dz_风云III典藏版.rar	c6b8de99120ad3a69504a70d592e18780654022f586cadf7f1bf68386bb34089	1429545	020-2	fy3dz		playable	风云III典藏版 (1).rar | 风云III典藏版.rar	archives/ | mudlib.rar
021_shiji_世纪.zip	cb78eadc9aa2feb60597da35c84916f7047c8992bf5594bceed24f54a00b7944	4221407	021	shiji		playable	世纪.zip	archives/ | mudlib.rar
022_dfgs2_东方故事二.rar	07c6c1a19e87a6bfa7c258575787e73cf1008d94015e31d3902c4af21eff855a	661791	022	dfgs2		playable	东方故事二 (1).rar | 东方故事二 (2).rar | 东方故事二.rar	archives/ | mudlib.rar
023_zhonghua2_中华2.rar	8983cdd39d62853c904c703292fe435feaf230d0e987117f53f7311979829ae5	14016100	023	zhonghua2		playable	中华2.rar	archives/ | mudlib.rar
024_shujian2008_书剑2008.rar	d9040a3bdb95b8d28b779ca06df30e3ab1ec6e96f8df018e0920a2a31d439e20	15753887	024	shujian2008		playable	书剑2008.rar	archives/ | mudlib.rar
024-1_sjtx2_书剑天下.rar	7ab736e152ba0987e8975d6aea01ed19fc3aac66c11062ca09edd90515ed317d	8624960	024-1	sjtx2		playable	书剑天下.rar	archives/ | mudlib.rar
025_sjpl2_书剑飘零II .zip	07f7bbef4c3230dfa5c02836ce535baabfaf78b55c3532c30577bd4714ea9c48	10852776	025	sjpl2		playable	书剑飘零II .zip	archives/ | mudlib.rar
026_xianlvqiyuan_仙侣奇缘新版.rar	d7111c8f02dbcb466534041392f693eceefc91bca5424aad19d219308c878bbf	5684415	026	xianlvqiyuan		playable	仙侣奇缘新版.rar	archives/ | mudlib.rar
027_xjcq2000_仙剑传奇.rar	26dc7c198bf44b1bf93f43740361c5ce3f7cc33c5c1876caafb8ea1a50eaebd3	14504273	027	xjcq2000		playable	仙剑传奇.rar	archives/ | mudlib.rar
028_xkxz2_侠客新传(2).rar	cd5e6f6f32b5e03d81326e6a7076e497b5ba183be81318af39acdba431b75d21	6750276	028	xkxz2		playable	侠客新传(2).rar | 侠客新传.rar	archives/ | mudlib.rar
029_xkyx3b_侠客英雄传III 可用.zip	c81bf0b455f45d6b262c35341d954fdfe51ee3207b4cce13ca36e7cfa125abc9	3495725	029	xkyx3b		playable	侠客英雄传III 可用.zip	archives/
030_xiakexing100_侠客行100.rar	cf4509dff29a66ac5a72dcbf4772ab321ff5404c2e258bc9fc5084d8c47b490a	12289670	030	xiakexing100		playable	侠客行100.rar	archives/ | mudlib.rar
031_jqxz2008_金庸群侠传2008加强版.rar	859b11587ae23d9cfd455827eb5be920870e020830ff6f689561a12ec53c43b1	3836679	031	jqxz2008		playable	金庸群侠传2008加强版.rar	archives/ | mudlib.rar
031-1_jqxz2008std_金庸群侠传2008版.rar	acd88073cf4da9b2745979a7c2cd8dcebd59c20d06a4212ea3adb56ac3de3193	3824734	031-1	jqxz2008std		playable	金庸群侠传2008版.rar	archives/ | mudlib.rar
031-2_jqxz2008dlx_金庸群侠传2008超豪华版.rar	327b42194ac3d959e436e9ae8ce308c9180c16246321c1a765abb200b9b4af96	3893372	031-2	jqxz2008dlx		playable	金庸群侠传2008超豪华版.rar	archives/ | mudlib.rar
031-3_jqxz2015_金庸群侠传2015版.rar	b3f745c785072f40d1d048333fb9d35311dea92b5454929ea9eb1afe2c7b0e5a	3967176	031-3	jqxz2015		playable	金庸群侠传2015版.rar	archives/ | mudlib.rar
031-4_xiakexing3_侠客行III .rar	79548aaaa9a73d4800fb01231c51cde178d893ee9bc6127675f72139da46e3ef	11407360	031-4	xiakexing3		playable	侠客行III .rar	archives/ | mudlib.rar
032_xyzxfk_夕阳再现-疯狂江湖(1).rar	8cb35f1b38942db91c0ab35857517d5f1e1ccfef8b46ad9b8b7eccfac9c4d319	15763867	032	xyzxfk		playable	夕阳再现-疯狂江湖(1).rar | 夕阳再现-疯狂江湖.rar | 夕阳再现疯狂江湖.rar	archives/ | mudlib.rar
032-1_xyzxfy2_夕阳再现-风云再起2.rar	b0027f4e4f472f26eb0eecc4fe4fd21560ae95900f33d9c2e716f9406c9e0352	17181856	032-1	xyzxfy2		playable	夕阳再现-风云再起2.rar	archives/ | mudlib.rar
032-2_jhfy_江湖风云.rar	01a2ab3abebfbb53398edec43bae6ff6954067383c0bb8983b0b62e259f6ae64	3408488	032-2	jhfy		playable	江湖风云 (1).rar | 江湖风云.rar	archives/ | mudlib.rar
033_xyzx3_夕阳再线III之炎龙封印.rar	f6435fe1417441cbefcc1f6243f783ddee279fa749f406b31e3eee5a1973473a	10574543	033	xyzx3		playable	夕阳再线III之炎龙封印.rar	archives/ | mudlib.rar
033-1_ylfyxa3_炎龙封印-笑傲江湖3阿飞站.rar	4665b0875a6ed9a9f295ac504d3fa751212b50b624e31f0afebd08a751923490	24726249	033-1	ylfyxa3		playable	炎龙封印-笑傲江湖3阿飞站.rar	archives/
033-2_longyunmeng_龙云梦-炎龙封印源码版.rar	6568d36bc4e69d0196d8c1fc6fc20f107000e2fdc8dd1c2997c4847c243b01c0	7452235	033-2	longyunmeng		playable	龙云梦-炎龙封印源码版.rar	archives/ | mudlib.rar
033-3_longyunmeng_binary_龙云梦-炎龙封印-二进制版.rar	5a08d09d36301d294ff477da8b4827906b46f37a9d7f82b4b1fe5753631eabf3	19622891	033-3	longyunmeng_binary		not-convertible	龙云梦-炎龙封印-二进制版.rar	archives/ | mudlib.rar
033-4_xyzxiiidup_夕阳再现III.rar	cd040cc4716776633d81da144d87b9ee84452a8f1939f48e9f430e8d6f24daf5	8792753	033-4	xyzxiiidup		not-mudlib	夕阳再现III.rar	mudlib.rar
034_tianxia_天下.tar.gz	0ca7100f8255b9c490bb5b490324666bd0b3c27c5e9dd4bad73b50b8d1efea35	15515579	034	tianxia		playable	天下.tar.gz	archives/
035_tianxiawuxue_天下无雪.rar	49f1ea406c5415a8e18e6a402253c8396d9d0845517f864d535f3e9074a1e074	14728320	035	tianxiawuxue		playable	天下无雪.rar	archives/ | mudlib.rar
036_kxkj_新狂想空间II.rar	04846882397ca33b6859fa008defcdd72b2f709a41db1b6f7904e7a5841dacd5	5590619	036	kxkj		playable	新狂想空间II.rar	archives/ | mudlib.rar
036-1_kxkj1_狂想空间.rar	8d7708e33a550f7bb870eb03caf4db987cbcda67642857f22fd87e96406a648f	3710123	036-1	kxkj1		playable	狂想空间 (1).rar | 狂想空间.rar	archives/ | mudlib.rar
037_yueyingqiyuan_月影奇缘.rar	03d1faa2202aecfdb82efdc57ff308bb9044e3f40704d5fc13929c3a87fdffe4	5436057	037	yueyingqiyuan		playable	月影奇缘.rar	archives/ | mudlib.rar
038_wmkj_未明空间.rar	871fd0d0a429ef346ca729ff9021255fbc15c064ad023954c95ca3b2083da737	3817831	038	wmkj		playable	未明空间.rar	archives/ | mudlib.rar
039_moniHuafu_模拟华附.zip	812aaec5d374aacd93a49ded1000fd755bb9c149e7ae5cb40522f806ed7a874f	1802141	039	moniHuafu		playable	模拟华附.zip	archives/ | mudlib.rar
040_wuhanzhan_武汉站.rar	838347621f745abfbb3c5b15ea20b7b3938bf6c9217697a57e5534230e8ac1c7	32992165	040	wuhanzhan		playable	武汉站.rar	archives/
041_nitan_ceshi_泥潭III测试版.rar	9a5efa719369dcd607b89782fa537969db9d1b84d9aaa4196de28b2a7779d3b1	6332013	041	nitan_ceshi	041-1	playable	泥潭III测试版 (1).rar | 泥潭III测试版.rar | 泥潭三.rar	archives/ | mudlib.rar
041-1_nitan_san_泥潭三.rar	3118f27c39e47dae53032a096a3b4ff0e9d70545851ccc6529aaf7b5e72e38ea	15563165	041-1	nitan_san		playable	泥潭三 (1).rar | 泥潭三.rar	archives/ | mudlib.rar
042_yxcs_浴血重生MUD.rar	d188fbdeb1824b94aebfd48c9707e4f0948c534129bffd2b5328b61045e9f9df	15117416	042	yxcs		playable	浴血重生MUD.rar	archives/ | mudlib.rar
043_haiyang2_海洋II 2010 正式无错完整版下载.rar	8f1bcf31b0c1dfb92c19b11abbda51c766c587acf66cf74b08536e79ef02521b	9034681	043	haiyang2		playable	海洋II 2010 正式无错完整版下载 (1).rar | 海洋II 2010 正式无错完整版下载.rar | 海洋II_服务器正式版.rar	archives/ | mudlib.rar
043-1_hymud_hymud-main.zip	cf4bfb85fad8d0ef748cba5e49039301a4259c406f946dbb85fa86016712d7d2	60666289	043-1	hymud		playable	hymud-main.zip	archives/
044_huoying_Naruto.rar	36acd5432503cf0eedc77beb129717ee621ac7fa5996d4f87c4a1790a2cec9b6	604363	044	huoying		playable	Naruto.rar	archives/
044_huoying_火影.rar	df1ab3205ba7d76483b896b9cee475588324d4d9d1a56d499c5f75a22e3fd05c	891018	044	huoying		playable	火影 (1).rar | 火影.rar	archives/ | mudlib.rar
045_yanhuangwuhun_炎黄武魂_64bit.rar	ff17ba49e5ed73fd65cab7ab18d55aa175937cd91550a197c9d2271e22831037	17714704	045	yanhuangwuhun		playable	炎黄武魂_64bit.rar	archives/ | mudlib.rar
045-1_yhyxs_炎黄英雄史.rar	389f9b0f2e5102e8f8e6ce8023a14adae96ed51de3ae340d6d67ab4db17d1589	4779024	045-1	yhyxs		playable	炎黄英雄史.rar	archives/ | mudlib.rar
046_xuanjianlu_玄剑录.rar	bf97ac795bf6c7112d6caccc9d84dfd3cadc1b9c298133aa12df92690047bf3b	5885262	046	xuanjianlu		playable	玄剑录.rar	archives/ | mudlib.rar
047_bixiecanyang_碧血残阳之豪侠晚歌.rar	6a16faee2fba94e12b37b4d68588d35b07b1ebd4572e0ce081bdd054f5ae5e3a	11932018	047	bixiecanyang		playable	碧血残阳.rar | 碧血残阳之豪侠晚歌.rar	archives/ | mudlib.rar
048_shenzhou_神州.rar	7dce641ea6af0a9eb3201125578d73cefea7bb426484f2836757af02cb4a23f6	7850977	048	shenzhou		playable	神州.rar	archives/ | mudlib.rar
049_shenmo_神魔20190924版本.rar	166fe3cdc240b78f5b856a3a05e88373153ada07bbfa99890d86cd290659fe8e	98249929	049	shenmo		playable	神魔20190924版本.rar	archives/
050_xajhzcjh_笑傲江湖服务端+客户端.rar	68da68cfb092064d11c9f02522d284fde11b017e35617a0d96644c856d5f65f3	10709472	050	xajhzcjh		playable	笑傲江湖服务端+客户端.rar	archives/ | mudlib.rar
051_zitengzhan_紫藤站.rar	faa3f4eb6d7203523b71db73cbb5c31c1c6eec65d4611cd4ab09ec201136c0bd	40220097	051	zitengzhan		playable	紫藤站.rar	archives/
052_zhongjidiyu_终极地狱.rar	56ce0a1fb432041ac50eea25eec280fa3e5f47d7730190ad07d006e6001177ff	1322905	052	zhongjidiyu		playable	终极地狱 (1).rar | 终极地狱.rar	archives/ | mudlib.rar
053_zjdyaryl_终极地狱之爱若幽兰1.166正式版.rar	e076151a6813cccff3903a2ea242f1f947d6a20ff2e9bab83b31f4e8efb03de0	12582462	053	zjdyaryl		playable	终极地狱之爱若幽兰1.166正式版.rar	archives/ | mudlib.rar
053-1_zjdyzj_终极地狱-指间mud版服务端.rar	6d0d238d0ff98f201e558e8bde508e11307fa049cc7d95f16c023270ac160a6b	6509602	053-1	zjdyzj		playable	终极地狱-指间mud版服务端.rar	archives/ | mudlib.rar
054_xixingzhanji_西行战记.gz	5fc00dd8cb6a85da7c8b4d88e02804ced86d38eb73ba2716e03b76d05643c2ce	4256256	054	xixingzhanji		playable	西行战记.gz | 西行战记最新版.tar.gz	archives/ | mudlib.rar
055_zsdsj_重生的世界v1.0.1.rar	b6959beb689149dfa2ca6d8c05f4cc2585c807e34160b61c49c331824f689fd1	5259259	055	zsdsj		playable	重生的世界v1.0.1.rar	archives/ | mudlib.rar
056_tiexuejianghu_铁血江湖.rar	f66e35c24b8686b139eff27ad4a0a8466299fa7ef3457974b42021a5cd4cdfef	3275376	056	tiexuejianghu		playable	铁血江湖.rar	archives/ | mudlib.rar
057_syxjl_随缘洗剑录.rar	67068af223a88e960a879f2f434a5f9b7f65e733b34686b63c1c26f9988beef9	3091091	057	syxjl		playable	随缘洗剑录.rar	archives/ | mudlib.rar
058_mohuanshiji_魔幻世纪.rar	0e839cfa1ae580197dc71b09240b53fd5d057ec2824b559d6c3a5e1625bb0b3e	5040548	058	mohuanshiji		playable	魔幻世纪.rar	archives/ | mudlib.rar
059_sjcs_三界传说.rar	88661676b0898ce3e360ca503312049a0a341e136558f1892ca2187dbea6d3ac	6226841	059	sjcs		playable	三界传说.rar	archives/ | mudlib.rar
060_sanjieshenhua_三界神话v2005.rar	0594a44fff03a2b01ffb70a11e767d8d16d85e924a14baa5693367c8096571c5	7466096	060	sanjieshenhua		playable	三界神话v2005.rar	archives/ | mudlib.rar
061_zzhj_最终幻境.zip	7f5bcd62124a54ad011da710170eaea96f56e14a0627e5ef6c6e20704d68b732	1677517	061	zzhj		playable	最终幻境.zip	archives/
062_niaoren_最新鳥人世界.zip	4712a94427223ee74185c15bc2f59c73fced3875dcf92bc888e36305dfa27c3a	9662947	062	niaoren		playable	最新鳥人世界.zip	archives/
063_aoxiangtianji_翱翔天际utf8.7z	7dfa08271736cd8ee2426f1f81c182df82554f02aa441d19014d32e33b603701	3381961	063	aoxiangtianji		playable	翱翔天际utf8.7z	archives/
064_yhyxcs_银河英雄传说.zip	f1607621643717fe51545d7d02d21af06c0b1fb93006ac55464ab7b1353bd59a	1177206	064	yhyxcs		playable	银河英雄传说.zip	mudlib.rar
065_ldtx_鹿鼎天下.rar	19fdd5b7a7138e85bd3be5d2fb2e6b292473b09bc6b5c45bdaa5b70f4c328c5b	5220131	065	ldtx		playable	鹿鼎天下.rar	mudlib.rar
066_hc_红尘.rar	39fd3e962551cec782682ea1a7b607e30a30b5c8b20717b218506a7f374c502f	3689811	066	hc		playable	红尘.rar	mudlib.rar
067_cctx_驰骋天下.rar	6f12bade6979744122ad8591514a5287d57309b64381d3b8e3f246e46834c0a8	2465483	067	cctx		playable	驰骋天下.rar	mudlib.rar
068_dfgsiiv13b_东方故事IIv1.3b.tar.gz	02ebc26984707ca3caeff7ca8cc08e9594bbf8ee9058e3aef497fc964e4561c6	568470	068	dfgsiiv13b		playable	东方故事IIv1.3b.tar.gz	mudlib.rar
069_dfgsitlzjwin_东方故事I屠龙战记WIN98版.rar	b3a3aef102989579891c45340672acb07dac18add455b21034d24bb0f7c907b9	1053140	069	dfgsitlzjwin		purged	东方故事I屠龙战记WIN98版.rar	archives/ | mudlib.rar
070_dtxywzxzb_大唐西游完整修正版.rar	78a0733e3a339f6a6a35b60bb7c81c48f8cc88db004b8f009444091f1615940e	4829922	070	dtxywzxzb		playable	大唐西游.rar | 大唐西游完整修正版.rar	mudlib.rar
071_ffxymud_非凡夕阳MUD.rar	be26417f58af8bbd62dd8961d8f3d13b076ba1ff3c616fa754e001adbfcad467	10542260	071	ffxymud		playable	非凡夕阳MUD.rar	mudlib.rar
072_fys_风云三.rar	8a2432077555bc1f0f3eae8237f889b9bfb6b9d67fd6b92c1c991e603f74e017	10956072	072	fys		playable	风云三.rar	mudlib.rar
073_fysjmb_风云四解密版.rar	b1ddd39e4374663f272086899e5d16fd379a05cd4df5837c77f10d58014bddf3	3409210	073	fysjmb		playable	风云四解密版.rar	mudlib.rar
074_fyzfqyy_风云之风起云涌.rar	3ce4fb13b8728577fbd0b70c728bfeacb35b8987bd3e9a6330ccd9a7541bfb04	2922882	074	fyzfqyy		playable	风云之风起云涌.rar	mudlib.rar
075_gjzddmudda_国家制度的MUD DA.rar	3cdf098387ecc8a0f404617ad57c7d20ed0ecfef38161cbf547447a717d233d2	926802	075	gjzddmudda		playable	国家制度的MUD DA.rar	mudlib.rar
076_hell_hell.7z	516b34fac102156dbf667fdd1d6222476648f3efb11a753550136321a67abd09	5426128	076	hell		playable	hell.7z	mudlib.rar
077_hxxtjqb_幻想西天加强版.rar	32cffd230305df82862ee37e0102e31293a62191da1f007a233151f2e293aad1	9086459	077	hxxtjqb		playable	幻想西天加强版.rar	mudlib.rar
078_hy2_火影.rar	63594e8f6270fe86d0abdfb71c49fe1f62619959e4b11d8ba84821adf1e14417	608947	078	hy2		purged	火影 (2).rar	mudlib.rar
079_hy2000_海洋2000.rar	378a63204164e681177703b0086a70462ee14fb4a9e3d9c64c62bd9fa780a447	3568299	079	hy2000		playable	海洋2000.rar	mudlib.rar
080_hy2002_海洋2002.rar	154e631c8a53c990b01c28f70d5a04cb68fcb6d1bdd9bc9dddaa0172c09c9a87	5211678	080	hy2002		playable	海洋2002.rar | 海洋II新年特别版.rar	mudlib.rar
081_hy3_火云.rar	8477305a01ac37e44159c8dc98e63ffd7305ebc6779325854786dd65e7fe3731	5901358	081	hy3		playable	火云.rar	mudlib.rar
082_hyiishzdscbb_海洋II上海站第三次版本.rar	79ece66d2e5b7eed8c4cf4983efc17534af529f80127ae72906d8c04107361ac	8216207	082	hyiishzdscbb		playable	海洋II上海站第三次版本.rar	mudlib.rar
083_jh2006_江湖2006.rar	7c2eae38ee3e06a0b3bf432cb7aa3241c75da8b7b6cb1f4653c06dc7b2015c5f	9767700	083	jh2006		playable	江湖2006.rar	mudlib.rar
084_jhfy2_江湖风云2.rar	3ec5b1ed13fe08374474a23ae7c8f3c0ccac7dce765431e5a79bbb443f6f615f	8124387	084	jhfy2		playable	江湖风云2.rar	mudlib.rar
085_jhfy3_江湖风云3.rar	2c6314dc751892478f0940af0f5783e0af299f83f4370e6c0a112a8d7ff6f882	10068908	085	jhfy3		playable	江湖风云3.rar	mudlib.rar
086_jyqxc_金庸群侠传.rar	f62469acd7ce2a0bf5ef13dafdc586f6a2aba6fe233224a8f4d7b79432ee0b81	3421645	086	jyqxc		playable	金庸群侠传 (1).rar	mudlib.rar
087_jyqxc2_金庸群侠传.rar	5880f5220efaea0e01fedfd2936ff72bae9a440551e1423d56a0e3dc386c3086	3572564	087	jyqxc2		playable	金庸群侠传.rar	mudlib.rar
088_jyqxc2013fwq_金庸群侠传2013_服务器版.rar	b214220f0686cf87a29cc893605047ac274e94c87e3478e3a26cb88a5c8214a9	3976103	088	jyqxc2013fwq		playable	金庸群侠传2013_服务器版.rar	mudlib.rar
089_kxkjii2_狂想空间II.rar	26a72d8cebfd42c8502289106c68943ba8eaed5e09b160c0773e63003e93c807	5599043	089	kxkjii2		playable	狂想空间II.rar	mudlib.rar
090_ldtxii_鹿鼎天下II.rar	0eb2cfbccf94eb5c2e9a7371d95b1426a6c5f66f647dc855344f3aa405e5f753	5220741	090	ldtxii		playable	鹿鼎天下II.rar	mudlib.rar
091_mnhf_模拟华附.rar	d2e8dc912147009d789ad770f5773c04b15698e41a4b2d4469cc6c904595e8f9	1065832	091	mnhf		playable	模拟华附.rar	mudlib.rar
092_nte_泥潭二.rar	d33650c5fad793bc0b74a6c91033973315927c57af57ced607f8010bed78d141	15741949	092	nte		playable	泥潭二 (1).rar | 泥潭二 .rar | 泥潭二.rar	mudlib.rar
093_ntii_泥潭II.rar	6340947900bb42e793448356cb0e251d3618ebdcb05f1fca4f07da98569f2f2e	6288103	093	ntii		playable	泥潭II.rar	mudlib.rar
094_sj_世纪.rar	df1c91447609614b0fc225afa69c30fbef7a59dcf836a7c05e15e3f28d508627	2160647	094	sj		playable	世纪.rar	mudlib.rar
095_sje_书剑贰.rar	5309355dc1007d7d9dc88b11410ca690ea1ce13fb074f04b76de3055db8acde9	6527020	095	sje		playable	书剑贰.rar	mudlib.rar
096_sjecl_书剑恩仇录.rar	51cd22685ca9562dc6de486298e18853d464a56c2cb443f1a3be6f60fbfa1022	15662571	096	sjecl		playable	书剑恩仇录.rar	mudlib.rar
097_sjplgfjxb_书剑飘零官方教学版 .rar	2d5975f4a11b1498fa24a49be58db2890cd0f0f593c185f3b3edf7ed756d6a78	1226715	097	sjplgfjxb		playable	书剑飘零官方教学版 .rar | 书剑飘零官方教学版.rar	mudlib.rar
098_sjplii_书剑飘零II.rar	b71f3e96e5996c73473e36ffa6a50229a4a0456748c838b93633f977ceee0112	4324971	098	sjplii		playable	书剑飘零II.rar	mudlib.rar
099_sjsh_三界神话（宝鸡站的版本）.rar	b2e37080e22ed0e43ff4fba93aaa93d498b06d309955714ea7bd5314b261e131	9484173	099	sjsh		playable	三界神话（宝鸡站的版本）.rar	mudlib.rar
100_sjshv150_三界神话V1.50.rar	4759c90bd73a0249de84156199b8944e36f7eefbfb99897e8899e83ba790e73d	5381961	100	sjshv150		playable	三界神话V1.50.rar	mudlib.rar
101_sjshv2578bb_三界神话v2.578b版.rar	1c1c0b4667190f0c7f63aea9402a85b1dd8dbaa531df2074c602a36f838152d2	6506707	101	sjshv2578bb		playable	三界神话v2.578b版.rar	mudlib.rar
102_sjshwzb_三界神话完整版.rar	6dd86743a06c92f8dfd5ac2e2c2120e450e0f4f0282c060b75d43622216e1432	23554102	102	sjshwzb		playable	三界神话完整版.rar	mudlib.rar
103_sjshwzjqb_三界神话完整加强版.rar	8ba179ecbc10891f6146ad26619946d5b38dafbde41481f9724a55e3eb7c5f0f	12568803	103	sjshwzjqb		playable	三界神话完整加强版.rar	mudlib.rar
104_tybxjh_天涯&碧血江湖.rar	8ef6f1a015a805a1b528b7eba45c838f4677a0804e51d3219677997a99baeff3	9832343	104	tybxjh		playable	天涯&碧血江湖.rar	mudlib.rar
105_wlhd_武林浩荡.rar	a95903a8aba1ef40376d97407262eaa34681f52cb303a1cc9ae811b5b24ba334	24103928	105	wlhd		playable	武林浩荡.rar	mudlib.rar
106_wqfy_无情风云.rar	f2f8ffdbc26b2443554a15c6940363a05dfabd3390aed94f16b6b86ead7c7956	4743876	106	wqfy		playable	无情风云.rar	mudlib.rar
107_xajdxyj_西安交大西游记.rar	54164923f7e9c1fd3b1160458c509f2533560dd57538ada3bb12f3b28447df5f	4078120	107	xajdxyj		playable	西安交大西游记.rar	mudlib.rar
108_xajh4gkb_笑傲江湖4公开版.rar	4bc3071bff69ed85d994ff929ee9b1ea269052150c8adf5ebbf2a1691c7b7fda	25173787	108	xajh4gkb		playable	笑傲4源码.rar | 笑傲江湖4公开版.rar	mudlib.rar
109_xhcii_笑红尘Ⅱ .rar	12a346fdea6ff655bef1755628183378917057f1d8f6964ffae58dfe2757f09d	5866296	109	xhcii		playable	笑红尘Ⅱ .rar | 笑红尘Ⅱ.rar	mudlib.rar
110_xkx100_侠客行一百.rar	d7ad9f9593670fa5bfd7be0a0b92060875aabed85a4ae19dadd8cf09f9c32d5d	6248374	110	xkx100		playable	侠客行一百.rar | 侠客行一百[2005].rar	mudlib.rar
110-1_xkx100utf8_fluffos-xkx100.bundle	9120c3237878fca2a2a5e3f907cec1a02af806ff764a47c0cebc2d6f4ba00ad6	19745988	110-1	xkx100utf8		playable	fluffos-xkx100.bundle	github.com
111_xkx2000zxb_侠客行2000最新版.rar	8f59eac5a647df6185cd753e6b64e60aa4aebf51c382e5134e15330c6ca4848d	8209517	111	xkx2000zxb		playable	侠客行2000最新版.rar	mudlib.rar
112_xkx2017_侠客行2017（MUD）.rar	32705bdc6a6d97c3de7dc7334f92e17e3d9eeb3b348a6cc2b51dc389df709731	4221529	112	xkx2017		playable	侠客行2017（MUD）.rar	mudlib.rar
113_xkxc98sj_侠客新传98书剑.rar	d887678141a92e82783272f4e2c6dd29635da12e7db3133da33452d3f603c4ec	5941275	113	xkxc98sj		playable	侠客新传 Beta 版 .rar | 侠客新传98书剑.rar	mudlib.rar
114_xkxyb_侠客行一百.rar	164a1baf734266b9d3a29258c7a71237374388a9469409e421a391c9696ef309	6222847	114	xkxyb		playable	侠客行一百 (1).rar	mudlib.rar
115_xkyxciii_侠客英雄传III.rar	27acd861eeb260f8f209236d2df7c59cd2581e7bdc7b9f177d28eaac9b70ea63	3430616	115	xkyxciii		playable	侠客英雄传III.rar	mudlib.rar
116_xsfyssjb_心声风云四升级版.rar	763df1913950264c7c5fba72b52f1fc0cc630e2783d90faea400d86403c138ef	5972909	116	xsfyssjb		playable	心声风云四升级版.rar | 风云四.rar	mudlib.rar
117_xxcq_小雪初晴.rar	f341d5dea6573ddf4ee93cb6bfbcd906528bbe9216e9a0b4da9dc8edfa837ee8	917504	117	xxcq		playable	小雪初晴.rar	mudlib.rar
118_xxcqii_小雪初晴II.rar	17eb50bbf42515f0d95a4fb733a0036c3bfe6e7a4133c01fa52db852a7176a3f	1746024	118	xxcqii		playable	小雪初晴II.rar	mudlib.rar
119_xxcqii2_小雪初晴II  .zip	0c421d762e4ebe2129aed4ee73ab796366af125e3785aa5b58676eb865d0360a	3849824	119	xxcqii2		playable	小雪初晴II  .zip	mudlib.rar
120_xyj2000_西游记2000.rar	9e753f5d9d3ad836d32d5a94aecea949fe7154f84529d36b7309392c84a93fd4	7373179	120	xyj2000		playable	西游记2000.rar | 西游记2000解密版.rar	mudlib.rar
121_xyj20032_西游记2003-2.rar	3226e4dc6720d65870794e1bfcd7d7acd362b2d16d66dda42902a7bb34772474	17664237	121	xyj20032		playable	西游记2003-2.rar	mudlib.rar
122_xyj2006n_西游记2006年.rar	c8de08b390d1a6f0fe04855fc34c9234dd06ba9293c26f3ad3db5adca3634851	11178455	122	xyj2006n		playable	西游记2006年.rar	mudlib.rar
123_xyj2006zzzhx_西游记2006之最终幻想.rar	750f7e556668c47570e40ed46655f2eb8292120091a718db12de665cacfcc908	5557092	123	xyj2006zzzhx		playable	西游记2006之最终幻想.rar	mudlib.rar
124_xyj451_西游记451.rar	103efa38c425fbda0073a6a74aead93fec2534135b0ad10ecbf09d0e64964cca	3638733	124	xyj451		playable	西游记451.rar	mudlib.rar
125_xysylmhb_夕阳三-炎龙美化版.rar	01be1684e8e1d5b184002bcfa938bb6873d52c5c46f40bb26b4e04421647570e	10572858	125	xysylmhb		playable	夕阳三-炎龙美化版.rar	mudlib.rar
126_xyxyutf8_小雨西游utf8.zip	cc02af3eef7e15626abe8282d782996a88aa21d3eb38b239f68f923ace8e4db1	12184187	126	xyxyutf8		playable	小雨西游utf8.zip	mudlib.rar
127_xyzx_夕阳再现.rar	b1d951b00fb1849890529ed5ec7ca683f68b7789c0732928f35bea13745017ad	39960728	127	xyzx		playable	夕阳再现.rar	mudlib.rar
128_xyzxiiylzymh_夕阳再现II-炎龙专用美化客户端.rar	5bd0f376357a298c188ec399a1eef33686981ae25edbbdd948921c27696ec917	10326758	128	xyzxiiylzymh		playable	夕阳再现II-炎龙专用美化客户端.rar	mudlib.rar
129_xyzxyl201412_夕阳再现-炎龙20141231.rar	c9ffa6e2f597fc9bf96541fa8cf38ae26595807535b84252d3d151354ce9e1e5	15316121	129	xyzxyl201412		playable	夕阳再现-炎龙20141231.rar	mudlib.rar
130_yhwhpublicfi_炎黄武魂public-final-2016-12-08.rar	3365c687087aa5290d83ba2e1777c7ccccd4519b1534e6ca747204520dccd809	18527268	130	yhwhpublicfi		playable	炎黄武魂public-final-2016-12-08 (1).rar | 炎黄武魂public-final-2016-12-08.rar	mudlib.rar
131_yxjh_浴血江湖.rar	8544bc2b4e453c815db3a9c8b9a9fb5975db469e23ec18c2e5b669e5a39b31ba	16319918	131	yxjh		playable	浴血江湖.rar	mudlib.rar
132_yxsj_逸侠世界.rar	1445276642abfe58ffc7a8b4770c2832d3128a6a369bb3a0243ad855ef030712	999788	132	yxsj		playable	逸侠世界.rar	mudlib.rar
133_yxxcii_游侠笑传II.rar	a3e2941add4609f7a20813bb79a66227f154258674e1c78cacecfdd56c24fc1a	2743157	133	yxxcii		playable	游侠笑传II.rar	mudlib.rar
134_yxzsj_逸  俠  之  世  界.rar	7502d0dada5adb27bc1b97eb99cb6aff3d8bebe6370b5c4d902448da82357964	2021271	134	yxzsj		playable	逸  俠  之  世  界.rar	mudlib.rar
135_yzxiiizylfy_阳再线III之炎龙封印.rar	cb7a3465e151c4a39acbea856b2bff53e09f0cf4febee997519b05776254c522	6048916	135	yzxiiizylfy		playable	阳再线III之炎龙封印.rar	mudlib.rar
136_zjdy2008wzb_终极地狱2008完整版.rar	a588713cd9d8f561cee758e94fba7914ad159dea3acf70fde4d4485ef3293d8e	16940471	136	zjdy2008wzb		playable	终极地狱.rar | 终极地狱2008完整版.rar	mudlib.rar
137_zjdywzb_终极地狱完整版.rar	60a002406955fa8129ea94957f28a88da7e4110c6d839c5b7ddba8663ab47282	6247789	137	zjdywzb		playable	终极地狱完整版.rar	mudlib.rar
138_zxty_再现天涯.rar	dc4bf2c65b06e38ef9c9f36f6f87d1785c33b3e6ddc2112fd594249a1646f3e7	20899539	138	zxty		playable	再现天涯.rar	mudlib.rar
138-1_zxty08nxgbb_再现天涯08年修改版本.rar	4111eaa591d7188352d3d08645dd3372d599a8a481a6faf286859f0f52cb276b	10252925	138-1	zxty08nxgbb		playable	再现天涯08年修改版本.rar	mudlib.rar
139_zzfy3_郑州风云3.rar	c4acae9c07b15f1138c9f5c6944970169a2335b72ff42438502184e15a68b01e	4218968	139	zzfy3		playable	郑州风云3.rar	mudlib.rar
140_hellxg_hell - 修改.7z	1a5202ef080a301a7dec250b2766dc9b1fb15db3da34932df21d135d00cfec4c	35763	140	hellxg		purged	hell - 修改.7z	archives/ | mudlib.rar
141_wxddym_武学大道源码.7z	cd9289fed09c2e7a9d597486f213567abdc68dcd6400d65696d2709861be3e16	46196566	141	wxddym		playable	地狱源码.7z | 武学大道源码.7z	mudlib.rar
142_nt6_泥潭6.zip	80dd17b60400d60e933c7dcc436e75257c340b796941b089aa9e98e6a1608c29	41741014	142	nt6		playable	泥潭6.zip	mudlib.rar
142-1_nt6nitan6win_泥潭6nitan6-win_nodb.rar	beef351177d24fa99e48715e06ea6b25a7a15c9a3a878c76f84a428e499919d9	43790496	142-1	nt6nitan6win		playable	泥潭6nitan6-win_nodb.rar	mudlib.rar
143_yszz_妖神之争.rar	a249d59ee808a2b4df2cbb74f9b11009780d04f77ab0a7844d3a36b5e2030592	3973869	143	yszz		playable	妖神之争.rar	mudlib.rar
144_njhhdxdes2hx_南京河海大学的es2和xkx《校内_1.01版》.tar.gz	4ecc9f7ad962c31e18db3ea6bae7eb18745bb78ab7c0bb10c240dd7199383e01	4383574	144	njhhdxdes2hx		playable	南京河海大学的es2和xkx《校内_1.01版》.tar.gz	mudlib.rar
145_sgzmudsgz_三国志MUDsgz.tar.gz	7fc60aa8bb23c6a7e06447517caf63969a472e6834d64aa236d1d65227716291	43573627	145	sgzmudsgz		playable	三国志MUDsgz.tar.gz	archives/ | mudlib.rar
146_hy_海洋（由千堆雪上传）.rar	e364eb13ca02174d944688a20d3db20849ac2cd52960b73783998156e866e231	9217058	146	hy		playable	海洋（由千堆雪上传）.rar	mudlib.rar
146-1_hy5_海洋5.7z	e5fd8c1b02902bdb3b3bbfe333c9cd2a87dfa4bcb8e8d12c69fd352f1ef6062f	21767249	146-1	hy5		playable	海洋5.7z	mudlib.rar
147_jym_金庸梦.rar	0d025abdd87f0268a8169434fd9628aba4b37271f583ea22170632a73d7a4e54	82422117	147	jym		playable	金庸梦.rar	mudlib.rar
148_nt1_泥潭1.gz	0befc4b951823f83a5030c5f790241a590223707a8f240abd5fb2213e86c8d90	38686175	148	nt1		playable	泥潭1.gz	mudlib.rar
149_wdxtym_武动仙途源码.rar	42e94ecb433531dbcd180b42ab9db39b166acbda5ebababd3f690ae6ffa1ca2e	53356391	149	wdxtym		playable	武动仙途源码.rar	mudlib.rar
150_xkm_侠客梦.rar	4d6fd6e1e974493c196f23f2947cddd2db9d5fcf8289e7c3eea37c0423642e0e	9034334	150	xkm		playable	侠客梦.rar	mudlib.rar
151_fqyy2_风起云涌2修正版.rar	91bc56e5e915f3acd1b5e60728197ddef077c6d3cff42925ada13e3ada77f131	6694315	151	fqyy2		playable	风起云涌2修正版.rar	mudlib.rar
152_fy2mg_风云II(美国版本）.rar	cef259fcc5eaaaf5799879c6f1e8ebf3cf7b3acd0ca5e01fdba43b8eb93d2d05	9758720	152	fy2mg		playable	风云II(美国版本）.rar	mudlib.rar
153_fy330_风云III(3.0).rar	64e6d415e483d2771dbf2b7ad37e8a07f530b6b2be54aed0e9efe7d5b583e7d5	13537280	153	fy330		playable	风云III(3.0).rar	mudlib.rar
154_xbtxiii_雄霸天下III.rar	66848914b3c4fab2aaf842c09cdd1f0f6e4787c110a9c38cc58d50ed0bcd77e9	4981523	154	xbtxiii		playable	雄霸天下III.rar	mudlib.rar
155_xkxlb_侠客行老版(金庸群侠传）.rar	024707efb460bc838914b4f5c4a35cb5e3963228bac941492867e1bd0d060c43	11950080	155	xkxlb		playable	侠客行老版(金庸群侠传）.rar	mudlib.rar
156_xyj42_西游记4.2.gz	645d2ec19079510ea7d1584f78a24404aaaf130327655fb5746f0c5c66279293	3070360	156	xyj42		playable	西游记4.2.gz	mudlib.rar
156-1_xyj42dup_西游记4.2.rar	b0f0312d07ab795aafe22236648f3dbc0b6ded2ee1fa2656cbd85951211c3904	15636480	156-1	xyj42dup		not-mudlib	西游记4.2.rar	mudlib.rar
157_shujian3_最新独立安卓客户端和书剑源码一键架站.zip	223d3c1805092e8ced93dfa4a26641875b84ed069b68ad698144d5810a0da019	12642568	157	shujian3		playable	最新独立安卓客户端和书剑源码一键架站.zip	mudlib.rar
158_zjmudhell_指尖后端.7z	0ffedb03159913d40801a1d5d1a1dcc3b31ceead20181b41e2edbaa93b5ef78c	3839471	158	zjmudhell	925	playable	指尖后端.7z	mudlib.rar
160_nightmare3_fluffos-nightmare3.bundle	f6f5bfd78cf11dc0bd73065984d5537c4ea0d29959205af452842da707a941b0	1836530	160	nightmare3		playable	fluffos-nightmare3.bundle	github.com
160-1_nightmare4_MudRen-nightmare4.bundle	f66e27684be1dca975b30b3c0518f7941a34c04666d9f772f99067aeeb9e000d	4249286	160-1	nightmare4		playable	MudRen-nightmare4.bundle	github.com
161_imud_fluffos-imud.bundle	300b467a5aead72f93da5d2df554d96389096a11bddc218760baf3392f2bad7b	178266	161	imud		playable	fluffos-imud.bundle	github.com
162_sanguozhi_fluffos-sanguozhi.bundle	d77e06662f882183bf28451fdff4ba8c0a18eb9d668932138a4c21b0bb1381d7	19445526	162	sanguozhi		playable	fluffos-sanguozhi.bundle	github.com
163_nt7_fluffos-nt7.bundle	73284ded6b81225136d346e1142bf1560f76c6e7e31072cb55c968caa82dab50	45326496	163	nt7		playable	fluffos-nt7.bundle	github.com
164_lima_lima_fluffos_v1.zip	e0f8813a80502e334b39c9e270a9277f573f49be75b2fdf37e3915f2dd22dbef	3269816	164	lima		playable	lima_fluffos_v1.zip	archives/
165_es2_mudchina-es2.bundle	8ec0413b7d7bebb2a5ae62aa290c934ec3af83257d32b8a6f3554ec646324be3	1623197	165	es2		playable	mudchina-es2.bundle	github.com
166_genesis_genesismud-mudlib.bundle	96650eb02c80fd1eea4d0217cdb6ed7b25ce79b0c522fed291b0c5e497d7a2aa	3155143	166	genesis		playable	genesismud-mudlib.bundle	github.com
167_realms_realms-mud-core-lib.bundle	52d173aaad5a0fbfe8c3e985a9c4733a01e2c49d5c84bcf52b414d10bb1f63d3	155105353	167	realms		noboot	realms-mud-core-lib.bundle	github.com
168_finalrealms_quixadhal-fr.bundle	4dcb09fa62980d5acc087262ae5e94e908c4ead54916d4641b011554e01665d0	8139430	168	finalrealms		playable	quixadhal-fr.bundle	github.com
169_nitan3_mudchina-nitan3.bundle	0c6d551d4299e9e70ac5f2d431c49b0e96c4a996ffc555bc64eb17732c9b8a64	13620450	169	nitan3		playable	mudchina-nitan3.bundle	github.com
170_mhxy2002_mudchina-mhxy2002.bundle	997d4b7b1e5a65c83ad808d7a4b59f8509d1c1237740d96b7d138ce8ad87691c	14844399	170	mhxy2002			mudchina-mhxy2002.bundle	github.com
171_fy4_mudchina-fy4.bundle	0d93c4dd0b62b40a2a7862cabe73a99443b3dc3cff6a7aab30eeda37f17a71fb	9589972	171	fy4			mudchina-fy4.bundle	github.com
172_jy_mudchina-jy.bundle	2afc67a9f13681e432f51537ea9a693e7e041a6eba8592192655c546841128c1	3020091	172	jy			mudchina-jy.bundle	github.com
173_tmi2_tmi2_fluffos_v3.zip	3fbb83928dea9dbe3f48bd20b9dffa1c4d76e6504f6a9d2c930873286874100c	3553092	173	tmi2		playable	tmi2_fluffos_v3.zip	web.archive.org
174_foundation2_foundation2_fluffos_v1.zip	135cc894a4c6229da110fba9ca32d294b9c5b6d19e5240a534afc26b0e6465ba	2655291	174	foundation2		playable	foundation2_fluffos_v1.zip	web.archive.org
174-1_foundation1_foundationI_fluffos_v1.zip	960433bd20ecde83fcaab763413235cbdd52117c244ceebfa29f431d4e19a78e	2329667	174-1	foundation1		playable	foundationI_fluffos_v1.zip	archives/
175_skylib_skylib_fluffos_v3.zip	5b94646e311cd369f2846bdb7b40ccd55149b8fa9e2dca4f1e2c62dae9fddd9c	6661059	175	skylib		playable	skylib_fluffos_v3.zip	web.archive.org
176_merentha_merentha_fluffos_v2.zip	add666c255429495895f0a3889d395c9b998cae47d0bd0b587950e00af6e9ca7	1924619	176	merentha		playable	merentha_fluffos_v2.zip	web.archive.org
177_lpuni_lpuni_fluffos_v1.zip	23bf3df40014a73222d2c9a6645414cd141a0f18027dd86b8f27692615351fa8	2314518	177	lpuni		playable	lpuni_fluffos_v1.zip	web.archive.org
179_lil_lil_0.3.zip	8abbf1d267b1c85df78cd8acbd49a778c3896e24a92e6a8268bdaf603beadf23	1939424	179	lil		playable	lil_0.3.zip	web.archive.org
180_swmud_coupdeforce-swmud.bundle	9515ec7ecfd9db61c308529b74df736071ddd0a00ee67154aeea339654e432fe	1306561	180	swmud		playable	coupdeforce-swmud.bundle	github.com
183_hylib_MudRen-HYLib.bundle	b6e3ac05dfa9a4e14d177e95b51ecb81792d2269ee4704ceb621a89a55c83cba	17845333	183	hylib			MudRen-HYLib.bundle	github.com
184_dtxy_MudRen-dtxy.bundle	cbb5ba8efca74b29811ea7fb46362dcc83c2f6d63d089ae64a80e42b433ca34f	13563538	184	dtxy			MudRen-dtxy.bundle	github.com
185_dshakkard_hakkard-dev-team-ds-hakkard.bundle	7e6a744d9b0f03c98e97056cf427f51ffdca5637a9a53c6a8272683e4ab29832	5145181	185	dshakkard		playable	hakkard-dev-team-ds-hakkard.bundle	github.com
901_discworld_dw_fluffos_v3.zip	cad81a20aca20d7f09a36a48d1ddc72a7fd1e15f9e9857aaff038c0a946e07a9	9352144	901	discworld		playable	dw_fluffos_v3.zip	archives/
901-1_dw_fluffos_v1_dw_fluffos_v1.tar.gz	1a05e384288e0c40dccb2aba6e28b6063913e3d2398ce5280caa3f3fcdc63d8d	7070889	901-1	dw_fluffos_v1		playable	dw_fluffos_v1.tar.gz	archives/
901-2_dw_fluffos_v2_dw_fluffos_v2.zip	d46b2ab251eaf2097d9e739d47447eb7545cc175b834ba9eafa98d50a754cc3d	10318436	901-2	dw_fluffos_v2		playable	dw_fluffos_v2.zip	archives/
902_tomud_vc_TOMud_VC源代码.rar	882614a7072481a9a0aa35b0be93547d8c3468dfd66313753812e50f6d068439	376347	902	tomud_vc		not-mudlib	TOMud_VC源代码.rar	archives/ | mudlib.rar
903_sanguowaizhuan_三国歪传.rar	4ee049d47731a4a1d36b1d9f2a2613b013ab694c871c241ea05b70b48ec8bffb	2095115	903	sanguowaizhuan		not-mudlib	三国歪传.rar	archives/ | mudlib.rar
903-1_sgwcxz_三国歪传下载.rar	0fd122e572527f24dfd5a580cce91f40a13c4c729516af32b1843767baba8713	1191622	903-1	sgwcxz		not-mudlib	三国歪传下载.rar	mudlib.rar
904_atlantis_消失的亞特蘭提斯MUD破解版 (2).zip	3292afb0dfb5e88980275cb5f8697834891fd17a0054a846b50a8560915a5244	2278479	904	atlantis		not-mudlib	消失的亞特蘭提斯MUD破解版 (2).zip	archives/
904_atlantis_消失的亞特蘭提斯MUD破解版.zip	3eed6182fd976bd76bd72ad0adcec05bc549b81584a865cf14030e15feef6b98	2279032	904	atlantis		not-mudlib	消失的亞特蘭提斯MUD破解版.zip	archives/ | mudlib.rar
905_chongchujianghu_重出江湖.rar	77d74b83390bffafabf54a9f09f4a60da6e152c56c049022b5f93e478c2f03a0	3031683	905	chongchujianghu		not-mudlib	重出江湖 (1).rar | 重出江湖.rar	archives/ | mudlib.rar
905-1_chongchujianghu_win_重出江湖WIN完全版.rar	c18b6c39b8bf32ce5249b0872e7063674c70eaacf631d8909054012d54a6bdfa	8517739	905-1	chongchujianghu_win		not-mudlib	重出江湖WIN完全版.rar	archives/ | mudlib.rar
905-2_chongchujianghu_linux_src_重出江湖完整源码linunx_2.71原版.rar	cbb34ff47ba8087d6e489653d72e3fce014af351a0cd6f3acbe6e662ba817336	19218746	905-2	chongchujianghu_linux_src		not-mudlib	重出江湖完整源码linunx_2.71原版.rar	archives/ | mudlib.rar
905-3_zcjh_重出江湖.rar	7e042621905f9c147d48ed31479b8196b4d56b7bd852d1f0093c3a4a11382b44	2366365	905-3	zcjh		not-mudlib	重出江湖.rar	mudlib.rar
905-4_zcjh271yb_重出江湖_2.71原版.rar	4d9638e022d8187bf14a1f5d9b5653ff3757ee66fcf698abd9ea88a32a8f3ae2	19218428	905-4	zcjh271yb		not-mudlib	重出江湖_2.71原版.rar	mudlib.rar
906_mofaleidemuba_魔法类的泥巴.rar	3a1c944e35402c77e002f22f6acabe3e25de82e38e6cce3b5755db66f0815067	339614	906	mofaleidemuba		not-mudlib	魔法类的泥巴.rar	archives/ | mudlib.rar
907_tianlongbabu_天龙八部.tgz	a167ea562c3f09c71ede9327a6937f5287315667d70514e783dfab44107daa7e	1091019	907	tianlongbabu		playable	天龙八部.tgz	archives/ | mudlib.rar
908_xianwukungfu_仙武kungfu.rar	a2518627c7dc2fd39c83cf7deb0f441c36078cda60bb952612f345d6457ebc7e	2595834	908	xianwukungfu		not-mudlib	仙武kungfu.rar	mudlib.rar
909_fsxy13_浮世侠影1.3.rar	e48d81bc783e4eee5654d18142f06e1dcf8a30fadd4fb43a545fd24baad71c55	171162	909	fsxy13		not-mudlib	浮世侠影1.3.rar	mudlib.rar
910_glhj_攻略合集.rar	a51a4919bd267a55f6cedfb5befeb64bffed6e69a638c768d90018c3979c576f	11372529	910	glhj		not-mudlib	攻略合集.rar	mudlib.rar
911_jyqs_金庸全索.rar	e3d252bc2e2284e47c5b36ba5cee687c36b84ea63590c80bb80c807f6b105c32	70510	911	jyqs		not-mudlib	金庸全索.rar	mudlib.rar
912_kxkjii_狂想空間Ⅱ(www版).tgz	eac059bfae7055d6f364c35b60b3bcc8e03807ad354d487d3fe70225e0017c8b	191197	912	kxkjii		not-mudlib	狂想空間Ⅱ(www版).tgz	mudlib.rar
913_lordstar40_LordStar4.0.7z	2f05fe26eabf0246cb24b132c8ee23084ba4f24dc4dfa513cddf4e271705c70c	2886135	913	lordstar40		not-mudlib	LordStar4.0.7z	mudlib.rar
914_mhjh10203_梦回江湖1.02.03.rar	b05da933f71457ec5783df31d000523d487aa726e5cfb8d0810a778e9ea2303c	51606409	914	mhjh10203		not-mudlib	梦回江湖1.02.03.rar	mudlib.rar
915_sgqycoljc_三国群英传OL教程.rar	3b991e42381a356b80862b0e2734b3d9656bc18b1586d20dd9251b6666001744	383680	915	sgqycoljc		not-mudlib	三国群英传OL教程.rar	mudlib.rar
916_szkf_神州开发.rar	e595124b2593402a8cf23e74811cc30b3aec1a2674697945df88f67378616ca7	234916	916	szkf		not-mudlib	神州开发.rar	mudlib.rar
917_wintin_WinTin++.7z	966b6b70c5549c574e8befabf8e523b1601c2761c9faacefbac0f55bf13d1a93	924259	917	wintin		not-mudlib	WinTin++.7z	mudlib.rar
918_wlfymudsqyx_网路风云MUD社区游戏.rar	5377bf158d58fde73be97b39bf49b33fc401585d161b555b0eb3180ad80cb8e8	3169592	918	wlfymudsqyx		not-mudlib	网路风云MUD社区游戏.rar	mudlib.rar
919_xjmhmudyx_星际迷航MUD游戏.rar	54ba55bf0b5f6fa817d3190e603ee0486334ad428da06a58d342e4f8309d1d9d	129255	919	xjmhmudyx		not-mudlib	星际迷航MUD游戏.rar	mudlib.rar
920_xky2_侠客游2.rar	78218a379e3f01588acd1d8eba804dc9903d9f4eee0e608d3d2d2df844a5bb24	4365791	920	xky2		not-mudlib	侠客游2.rar	mudlib.rar
921_xyj_西游记(三国群英传2mod).rar	b1fee138657f9542d2cf805d1948ba15cfa714e040ec021e3cc4b033051061b3	93536517	921	xyj		not-mudlib	西游记(三国群英传2mod).rar	mudlib.rar
922_xyjjqzl_西游记机器资料.rar	4ee1dd1a216d62c238cd283b5a3a80b4442353c6df8d2cbd0894005ea2785306	44370123	922	xyjjqzl		not-mudlib	西游记机器资料.rar	mudlib.rar
923_yhwhckdm_炎黄武魂参考代码（d,kungfu,clone）.rar	40656d9a440a5af94969cd40848808648d6c42a7637eaa6533dd6f17a8f75eaa	7068451	923	yhwhckdm		playable	炎黄武魂参考代码（d,kungfu,clone）.rar	mudlib.rar
924_yy_异域.rar	918244639ddc3005aee71627b4cfffc8bf4d12999043493ee6692f04ec463879	3067643	924	yy		not-mudlib	异域.rar	mudlib.rar
926_zjwygjb_指尖网页改进版（需要v2019驱动）.rar	0b4b73a9f390006b5b088ff5b993f4a728459571c184347901af70f97b315c29	141925	926	zjwygjb		not-mudlib	指尖网页改进版（需要v2019驱动）.rar	mudlib.rar
927_zxmudkhd_最新mud客户端.rar	9c336fb3146bb7ec96c6cc6a3b0c44acae58697f5924661bf0c7dbf53b95eeef	3624408	927	zxmudkhd		not-mudlib	最新mud客户端.rar	mudlib.rar
928_duobao_duobao.7z	b4b9e5e8b434f259789d825c68d93acc7679d91e22ef4691978d479d0762e9d6	10785020	928	duobao		password-protected	duobao.7z	archives/ | mudlib.rar
929_nitanpw_nitan.7z	d660f663a08259dac1076ea160684c90532809f13363718abf5726d2920f3748	16916493	929	nitanpw		password-protected	nitan.7z	archives/ | mudlib.rar
930_sunshadow_MudRen-SunderingShadows.bundle	e7d202984470bb2e834a98429bf2d0a450b8983d8f8ce14939e758b5ca513aae	47522554	930	sunshadow		playable	MudRen-SunderingShadows.bundle	github.com
931_zhyx_MudRen-zhyx.bundle	24579113575bcfe2e752b7f086a0047bb2afbaf5266729446bc2344e3409d050	17138142	931	zhyx		playable	MudRen-zhyx.bundle	github.com
932_swzf_谁与争锋.7z	eb71f09026d2445c9c4261a4a83a1afc687c21564b260ac0e31657881e9512a6	9219004	932	swzf		password-protected	谁与争锋.7z	archives/ | mudlib.rar
933_naruto_MudRen-mudos-game-naruto.bundle	c05e63cde7ef68679292a7c00646165b57d7d465ff551ed893a7c9bd910c619c	7902009	933	naruto		playable	MudRen-mudos-game-naruto.bundle	github.com
934_revive_MudRen-revive.bundle	8a5f9fb830640e93581b1b767445a3c22094dd6dc7d76cc82db4b47c21d5603b	1887355	934	revive		playable	MudRen-revive.bundle	github.com
935_residuum_michaelprograms-nightmare-residuum.bundle	6b4d0d32909288be5f60ec67609d62c000305779221417a80e9953a8d69c74f5	12402048	935	residuum		playable	michaelprograms-nightmare-residuum.bundle	github.com
936_revivalworld_MudRen-RevivalWorld.bundle	8d30b7fcaf9611b2c02adb850ee5b80ffad93522e13c906a22a6782069ef6a6c	2270477	936	revivalworld		playable	MudRen-RevivalWorld.bundle	github.com
937_es1_MudRen-es.bundle	f3022a5ce0f98c05c1da09869b5257a79d7608a05a157ee626b4e36eca3083a4	9171426	937	es1		playable	MudRen-es.bundle	github.com
938_dreamofseven_MudRen-mudos-game-ds.bundle	f31e25fa7fd6c702172a16bbcacb16b06e3cf95685e5fa18e3897b14dd631bcc	26175430	938	dreamofseven		playable	MudRen-mudos-game-ds.bundle	github.com
939_ninetears_unleashed-ninetears.bundle	98d8526a33f885db1db575ab8a02273267e41305d0fb80bab5d229b391373d0b	18998059	939	ninetears		playable	unleashed-ninetears.bundle	github.com
940_immaster_flyinrookie-immaster.bundle	c13578504d2cd9fbb31d5ea3d6d66cc22320d71480ec4d0c8cdabbde7b8ff5d4	267539	940	immaster		playable	flyinrookie-immaster.bundle	github.com
941_lpmud141_lpmud-1.4.1-A-r10.tar.gz	56df564ac7ced85a86d4a709bea6e1e642798c0bc7b912b1b3f40e604b3ca4b7	178213	941	lpmud141		playable	lpmud-1.4.1-A-r10.tar.gz	archives/
941-1_lpmud245_2.4.5.tar.gz	c834bd2dc8dd075c4d96bee520134001e731c1eae93f9c1948db9c5de6a0536f	205316	941-1	lpmud245		playable	2.4.5.tar.gz	archives/
942_arkadia_84rn-lpmud.bundle	108efdd5b03d444147bbedb5e5f5214d56acac0226a19eec29fce0d6aaef125f	1997538	942	arkadia		playable	84rn-lpmud.bundle	github.com
943_openlib_tmcintos-OpenLib.bundle	08309e7a07a1df60e3133e2933454b5b0c198f0da8c88f51718d0b7cd06750dd	2910463	943	openlib		playable	tmcintos-OpenLib.bundle	github.com
944_shadowgate_openshadowgate-shadowgate.bundle	93563d55a686d1c81c4c2dad4c27cb5d55cdd22d0ee9d4c57b59a8128a3a6936	46918474	944	shadowgate		playable	openshadowgate-shadowgate.bundle	github.com
945_questmud_vlehtola-questmud.bundle	4d42e4de7329186820ad4a6cfc151a425b552be8b9e68d61d53554d4e6b11d81	28874175	945	questmud		playable	vlehtola-questmud.bundle	github.com
947_havenmud_brainface-havenmud.bundle	0901bd0437cfaa0e8b8c2019ecace7db01e9f6b7bb7fe7c8099f62e1bf7bbd15	20655215	947	havenmud		playable	brainface-havenmud.bundle	github.com
948_sluggymud_Sluggy-SluggyMUD.bundle	5af901ec2af6181acc9d008365bf9e865df0d8f05e25eff9408e682c7021b718	252176	948	sluggymud		playable	Sluggy-SluggyMUD.bundle	github.com
949_wilderness_wlib051100.tar.gz	e930a7a5a670c79f5797a2e443d56b51db36a3a04da9a61a3e8352710915c2c8	1136797	949	wilderness		playable	wlib051100.tar.gz	archives/
950_majik3_tleino-majik3.bundle	9c8a285940df71e7dfc2c0e0b319ea99e0156e75d05c2c398afdc189c4971b9b	1589437	950	majik3		playable	tleino-majik3.bundle	github.com
951_majik4_tleino-majik4.bundle	c37e2ba06afdccc3c07f17c114a17a510ee57cc3f5ca6fa635497ad4825bb17a	315183	951	majik4		playable	tleino-majik4.bundle	github.com
952_pd_ehershey-pd.bundle	00b8f4fe78fa9bfd8fd5263d04f715909fc7c5dd414bde1ade218499e30c4b2a	183198875	952	pd		playable	ehershey-pd.bundle	github.com
953_rifts2_tsathoqqua-RiftsMUD2.bundle	23f88656935578e1b007da8313a3b784d09baed253872bec0f6369c81840bc46	59708565	953	rifts2		playable	tsathoqqua-RiftsMUD2.bundle	github.com
954_oxidus_gesslar-oxidus-mudlib.bundle	2575f8936eec6c2b9eec997ebade4f65562c73814cf858e59aa6a32d35c8ab71	13409870	954	oxidus		limited	gesslar-oxidus-mudlib.bundle	github.com
955_riftsds_grav1tyzero-rifts-ds.bundle	301a75f93102f9e36486d7e9d5cba2e8278612b1b14af7f64a6de78deb98e6ce	5693221	955	riftsds		playable	grav1tyzero-rifts-ds.bundle	github.com
956_darkelib_thraeq-DarkeLIB.bundle	f9c32b5d7f12361d069e308576fa09fce12b1a4cc5b259bafe4e80ea70fc1557	8272450	956	darkelib		playable	thraeq-DarkeLIB.bundle	github.com
957_spacemud_limalib-spacemud.bundle	54c0b9b7a0fee1864e237fab52ba0444c61fc4f434a408db55a46d45e20440f2	92364952	957	spacemud		playable	limalib-spacemud.bundle	github.com
958_holymission_speedbunny-holymission-mud.bundle	f13f034a5499550dc66154e28bcbbffec9fd106ba52ef2f5ff12ca7e0c9051e2	17741948	958	holymission		playable	speedbunny-holymission-mud.bundle	github.com
959_basis_basis-20.tar.gz	10c219e2756254867f90456457e7313e5066d006f4899e4c54f8ca8581b7006e	145143	959	basis		playable	basis-20.tar.gz	archives/
961_lplib8_lplib8.tar.z	f173589f1d6fd2a6838d9ed9374342c700d1ddf389b35acbcc96b6a53f301612	78378	961	lplib8		playable	lplib8.tar.z	archives/
962_amylaarmini_minilib.tar.gz	67da860f022162b7544836ba8745d99567486d5cfca912c1da83194b3b9ab5b6	13095	962	amylaarmini		playable	minilib.tar.gz	archives/
963_brassring_LashMUD-TheBrassRing.bundle	6d4a78ff5d5a3ea9b010341cf2e1a2fa4a1be2ea05b5b57c2ef913c95cd0e4ff	1623894	963	brassring		playable	LashMUD-TheBrassRing.bundle	github.com
964_dock9_dyher-dock9.bundle	b5b9ab6f745589a6f27e9ed2c3a8fec4a205e057dea06da3735909e42e0ceb84	12861816	964	dock9		playable	dyher-dock9.bundle	github.com
965_mundoscuro_gllort-mud.bundle	2851be3c51143a27befdabcbab1bb0a37512796e02dc61ab35505575063ba4ba	5303928	965	mundoscuro		limited	gllort-mud.bundle	github.com
966_pkuxkx_ly19811105-pkuxkx-utf8.bundle	9f787f99bace80059ce30b882488049f3b272fb58676af420b274a6d237156e3	45182007	966	pkuxkx		playable	ly19811105-pkuxkx-utf8.bundle	github.com
967_formosasaga_wade-fs-FormosaSaga.bundle	9305cfa21444e982abf2b2229168a004c209548656bb731215bb522f427d60eb	5547593	967	formosasaga		playable	wade-fs-FormosaSaga.bundle	github.com
968_nirvlp312_rumplemintz-Nirvlp312mudlib.bundle	6f88737fc9cee82a5a816ede6bfa40c23bf65073be1c31512cb02dd870646e91	98396363	968	nirvlp312		playable	rumplemintz-Nirvlp312mudlib.bundle	github.com
969_acme_acmemud-acme-mudlib.bundle	cbe254f640d1c2b5e7ab7d61f42bf59f0658fde7d16a351e0de043563fc15312	12639479	969	acme		playable	acmemud-acme-mudlib.bundle	github.com
970_xxsj_Nuiio-fluffos-xiuxian-mud.bundle	749a3d6bae5d5664b7c4d820a6294da9cbb0cdde32c08e90e6576950d91e6e3b	1006347	970	xxsj		playable	Nuiio-fluffos-xiuxian-mud.bundle	github.com
971_scratch_rmanis-scratch.bundle	c0d18df16d04b183886ba197a6ff270ede0df8886b16462c4d7bedf22a0cafce	15114	971	scratch		playable	rmanis-scratch.bundle	github.com
972_paomud_dzpao-pao-mud.bundle	1784bdc834a8893fb0d9be6b3894fb89ee72f1230447ed18677b70d428458722	7125	972	paomud		playable	dzpao-pao-mud.bundle	github.com
973_sagenwelt_Shea690901-Sagenwelt-Lib.bundle	7079a1643d53684d03a0c4f363e6ef515107b120b06391dda674871c63538739	238777	973	sagenwelt		playable	Shea690901-Sagenwelt-Lib.bundle	github.com
974_morgengrauen_MorgenGrauen-mg-mudlib.bundle	2bd8bb5169bc157483c9a8f7f229c6c87f180dec659a84bcb79572ebe607334a	7630405	974	morgengrauen		playable	MorgenGrauen-mg-mudlib.bundle	github.com
975_ageofelements_age-of-elements-age-of-elements.bundle	3a2b292ea7e0d8627844899e893f6c59d4a4d9861a08ea753fdb088fda6b5824	497036	975	ageofelements		playable	age-of-elements-age-of-elements.bundle	github.com
976_aoh_seikichin-aoh.bundle	0b9a35639b2646e132cb2b61038eedd4664db20c5a06eff3db7255e81e4f8d81	6838680	976	aoh		playable	seikichin-aoh.bundle	github.com
977_sticklib_StickMUD-StickLib.bundle	8beb666cdce1f0024ab945e5ab30b414042e9fbcb1167cb44b77a1401a64a6df	3280276	977	sticklib		playable	StickMUD-StickLib.bundle	github.com
978_simud_shentino-simud.bundle	9b7daaffaf8601523d5c367b3a12acc0eef3a2bd51b97fbd1868f759cfba726a	2228258	978	simud		playable	shentino-simud.bundle	github.com
979_demonangel_MudRen-DemonAngel.bundle	78be6cce6429d821468525b7348067676bdd457875946f96befeade06ec6b2e1	1324366	979	demonangel		playable	MudRen-DemonAngel.bundle	github.com
980_mortremains_clockworksoul-MortalRemains.bundle	dd6c18513a7b4031c0f3e26998dbc4b00d394be0316aaff898e6a5f725a89b02	9780891	980	mortremains		playable	clockworksoul-MortalRemains.bundle	github.com
981_dtxyzjb_大唐西游指间版.rar	c3f15287a0a21b761d88e9f9aa128f89f4c927d8d7d82f5daa60f880da4362da	19195981	981	dtxyzjb		playable	大唐西游指间版.rar	archives/ | mudlib.rar
982_wlqxcmudlib_武林群侠传MUDLIB.7z	e0971fe104663b1e6ff975408d82f281850fe9cdda37eb303947576df86e8fc8	4009923	982	wlqxcmudlib		playable	武林群侠传MUDLIB.7z	archives/ | mudlib.rar
983_xyzxwww0707_夕阳再现WWW安装客户端Setup20100707.rar	b80230e06c243e80e7e89bc3f00a5be0b7c6d49069979adc472b0b220b6c2b94	3024337	983	xyzxwww0707		not-mudlib	夕阳再现WWW安装客户端Setup20100707.rar	mudlib.rar
984_xyzxwww0718_夕阳再现WWW安装客户端Setup20100718.rar	25c2e36cf3fcc78f5bea0fbfd8540ebf73223e277520d7b51597bb2dc6621189	3007514	984	xyzxwww0718		not-mudlib	夕阳再现WWW安装客户端Setup20100718.rar	mudlib.rar
985_zjmudv13_指间MUDV1.3.rar	4a6c30e3f34cc141d7ff86baf04394ef5dd20d784791d4be2487b45646a3a036	1146660	985	zjmudv13		not-mudlib	指间MUDV1.3.rar	mudlib.rar
986_ptjnbxq_普通技能编写器.rar	ba472c2a11947a9754f978ddc92d779c6e9618a0e52f9ad67820755454f2bc53	12016	986	ptjnbxq		not-mudlib	普通技能编写器.rar	mudlib.rar
987_xlwebmud_西陆WEBMUD仗剑江湖.rar	947b6ceead6e7c1b50d603e6ea656105038a3373da4402f8f73c7c1db36ac694	5667190	987	xlwebmud		not-mudlib	西陆WEBMUD----仗剑江湖.rar | 西陆WEBMUD仗剑江湖.rar	mudlib.rar
988_njhhdxfhzxth_南京河海大学的es2和xkx《包含纵横天下》.gz	056ae3a63c3c589f28d7214d54feff344dd41dfdf0b1c19fc124401111bc4886	7167155	988	njhhdxfhzxth		not-convertible	南京河海大学的es2和xkx《包含纵横天下》.gz	mudlib.rar
989_zjmudouter_zjmud.7z	52b2c10a7f99e9085082da4714ecd2094069b6983fdecc6dcc28308e14efa49d	13163747	989	zjmudouter		not-mudlib	zjmud.7z	mudlib.rar
